{"cameraMode":{"drawMode":0,"name":"Shaded","section":"Shading Mode"},"sceneLighting":true,"audioPlay":false,"sceneViewState":{"m_AlwaysRefresh":false,"showFog":true,"showSkybox":true,"showFlares":true,"showImageEffects":true,"showParticleSystems":true,"showVisualEffectGraphs":true,"m_FxEnabled":true},"in2DMode":false,"pivot":{"x":-1.5868277549743653,"y":1.5999999046325684,"z":-0.41951942443847659},"rotation":{"x":-0.0908212959766388,"y":0.13609306514263154,"z":-0.012528114020824433,"w":-0.986450731754303},"size":6.113189697265625,"orthographic":false}